CustomerID,Exited
105000,0.5025
105001,0.0145
105002,0.5608
105003,0.19
105004,0.0656
105005,0.0225
105006,0.384
105007,0.4953
105008,0.1284
105009,0.3036
105010,0.1295
105011,0.0727
105012,0.06
105013,0.1467
105014,0.0177
105015,0.9279
105016,0.0102
105017,0.0145
105018,0.0177
105019,0.2611
105020,0.1482
105021,0.0483
105022,0.2627
105023,0.1557
105024,0.0082
105025,0.2019
105026,0.1087
105027,0.3217
105028,0.1057
105029,0.1217
105030,0.1611
105031,0.0561
105032,0.5375
105033,0.4073
105034,0.0271
105035,0.1802
105036,0.0124
105037,0.907
105038,0.0023
105039,0.1854
105040,0.0816
105041,0.118
105042,0.362
105043,0.5461
105044,0.0078
105045,0.0302
105046,0.0598
105047,0.1507
105048,0.9999
105049,0.0482
105050,0.307
105051,0.2592
105052,0.0023
105053,0.0561
105054,0.6428
105055,0.2647
105056,0.051
105057,0.1376
105058,0.0225
105059,0.0769
105060,0.1101
105061,0.0134
105062,0.525
105063,0.6156
105064,0.1861
105065,0.2723
105066,0.1795
105067,0.9223
105068,0.0114
105069,0.0318
105070,0.9012
105071,0.0479
105072,0.021
105073,0.4656
105074,0.0335
105075,0.0068
105076,0.4833
105077,0.17
105078,0.366
105079,0.0278
105080,0.5608
105081,0.1015
105082,0.7461
105083,0.5203
105084,0.0423
105085,0.0311
105086,0.048
105087,0.3514
105088,0.2162
105089,0.0876
105090,0.42
105091,0.6687
105092,0.1094
105093,0.0401
105094,0.06
105095,0.0048
105096,0.1443
105097,0.3579
105098,0.4572
105099,0.0922
105100,0.6424
105101,0.0304
105102,0.0225
105103,0.0401
105104,0.1945
105105,0.0745
105106,0.0816
105107,0.0993
105108,0.1945
105109,0.0206
105110,0.9626
105111,0.079
105112,0.06
105113,0.1094
105114,0.846
105115,0.8941
105116,0.6673
105117,0.0176
105118,0.0193
105119,0.0145
105120,0.384
105121,0.284
105122,0.1916
105123,0.0177
105124,0.1008
105125,0.0314
105126,0.2827
105127,0.1458
105128,0.0023
105129,0.0229
105130,0.0287
105131,0.1451
105132,0.0424
105133,0.0506
105134,0.1101
105135,0.9198
105136,0.1417
105137,0.0318
105138,0.103
105139,0.0239
105140,0.1457
105141,0.0001
105142,0.0966
105143,0.0539
105144,0.1358
105145,0.1323
105146,0.8009
105147,0.3507
105148,0.0166
105149,0.8714
105150,0.0086
105151,0.3017
105152,0.1352
105153,0.7633
105154,0.8047
105155,0.0177
105156,0.1172
105157,0.0861
105158,0.0206
105159,0.0069
105160,0.0466
105161,0.9067
105162,0.7783
105163,0.04
105164,0.1671
105165,0.1384
105166,0.0057
105167,0.9627
105168,0.0666
105169,0.0745
105170,0.8164
105171,0.2401
105172,0.0177
105173,0.3433
105174,0.0164
105175,0.0057
105176,0.0278
105177,0.2815
105178,0.3275
105179,0.0484
105180,0.0164
105181,0.3951
105182,0.0033
105183,0.0276
105184,0.0566
105185,0.5727
105186,0.0227
105187,0.3197
105188,0.011
105189,0.0745
105190,0.0111
105191,0.0905
105192,0.0023
105193,0.0177
105194,0.081
105195,0.1802
105196,0.267
105197,0.0139
105198,0.1965
105199,0.2006
105200,0.0423
105201,0.2848
105202,0.3069
105203,0.0858
105204,0.1874
105205,0.6673
105206,0.0561
105207,0.4638
105208,0.0111
105209,0.2575
105210,0.9875
105211,0.0068
105212,0.0532
105213,0.1247
105214,0.9999
105215,0.9024
105216,0.0225
105217,0.0401
105218,0.3382
105219,0.0506
105220,0.0357
105221,0.0483
105222,0.1443
105223,0.3957
105224,0.9303
105225,0.5375
105226,0.0396
105227,0.0545
105228,0.1167
105229,0.1087
105230,0.1085
105231,0.035
105232,0.0048
105233,0.2419
105234,0.0206
105235,0.1771
105236,0.4696
105237,0.1229
105238,0.0352
105239,0.4953
105240,0.1334
105241,0.1096
105242,0.0577
105243,0.9113
105244,0.987
105245,0.092
105246,0.0225
105247,0.5203
105248,0.0363
105249,0.2863
105250,0.06
105251,0.0023
105252,0.6864
105253,0.0176
105254,0.0023
105255,0.0287
105256,0.0506
105257,0.0406
105258,0.0532
105259,0.0877
105260,0.0177
105261,0.0227
105262,0.1206
105263,0.0437
105264,0.0145
105265,0.0414
105266,0.0176
105267,0.0983
105268,0.6176
105269,0.4892
105270,0.4159
105271,0.0023
105272,0.0111
105273,0.0922
105274,0.0984
105275,0.0333
105276,0.5608
105277,0.4066
105278,0.0234
105279,0.0302
105280,0.9466
105281,0.1769
105282,0.2843
105283,0.7146
105284,0.0065
105285,0.0023
105286,0.0271
105287,0.9022
105288,0.0258
105289,0.5959
105290,0.0272
105291,0.0263
105292,0.0176
105293,0.1056
105294,0.0816
105295,0.0206
105296,0.0082
105297,0.0176
105298,0.0206
105299,0.3708
105300,0.048
105301,0.0399
105302,0.0402
105303,0.2665
105304,0.0206
105305,0.6202
105306,0.0861
105307,0.0152
105308,0.0258
105309,0.8122
105310,0.0401
105311,0.0023
105312,0.0068
105313,0.4953
105314,0.0138
105315,0.7953
105316,0.2161
105317,0.0727
105318,0.9184
105319,0.7048
105320,0.0079
105321,0.2045
105322,0.0955
105323,0.0206
105324,0.0188
105325,0.0667
105326,0.0629
105327,0.4196
105328,0.0177
105329,0.4464
105330,0.0219
105331,0.1797
105332,0.0023
105333,0.0666
105334,0.0907
105335,0.0152
105336,0.0402
105337,0.0877
105338,0.3422
105339,0.202
105340,0.0962
105341,0.0356
105342,0.0206
105343,0.0666
105344,0.0761
105345,0.0455
105346,0.0305
105347,0.2968
105348,0.2997
105349,0.8951
105350,0.06
105351,0.0905
105352,0.1902
105353,0.0895
105354,0.0023
105355,0.0239
105356,0.0176
105357,0.106
105358,0.0068
105359,0.1001
105360,0.0057
105361,0.5608
105362,0.2319
105363,0.1011
105364,0.3833
105365,0.7461
105366,0.0868
105367,0.1077
105368,0.6046
105369,0.0206
105370,0.1506
105371,0.0304
105372,0.0023
105373,0.0145
105374,0.0206
105375,0.2582
105376,0.0401
105377,0.0079
105378,0.1505
105379,0.1027
105380,0.1111
105381,0.138
105382,0.0177
105383,0.3888
105384,0.0983
105385,0.1865
105386,0.1709
105387,0.0626
105388,0.0895
105389,0.0477
105390,0.184
105391,0.7717
105392,0.135
105393,0.2968
105394,0.1056
105395,0.0206
105396,0.5608
105397,0.0816
105398,0.0182
105399,0.1064
105400,0.2236
105401,0.0629
105402,0.0336
105403,0.2353
105404,0.1068
105405,0.0547
105406,0.0225
105407,0.32
105408,0.0023
105409,0.1793
105410,0.8951
105411,0.7589
105412,0.0106
105413,0.7182
105414,0.1413
105415,0.0145
105416,0.0225
105417,0.0253
105418,0.1291
105419,0.0023
105420,0.0023
105421,0.0629
105422,0.0206
105423,0.0172
105424,0.5026
105425,0.0506
105426,0.0193
105427,0.5258
105428,0.06
105429,0.7265
105430,0.0873
105431,0.0984
105432,0.5608
105433,0.0023
105434,0.0329
105435,0.0069
105436,0.4994
105437,0.5026
105438,0.1701
105439,0.0697
105440,0.0855
105441,0.06
105442,0.0225
105443,0.0142
105444,0.6554
105445,0.0884
105446,0.0023
105447,0.069
105448,0.0879
105449,0.3995
105450,0.0663
105451,0.0023
105452,0.0373
105453,0.06
105454,0.0079
105455,0.1576
105456,0.0256
105457,0.0401
105458,0.0048
105459,0.9077
105460,0.0206
105461,0.0561
105462,0.2731
105463,0.0045
105464,0.153
105465,0.1243
105466,0.5737
105467,0.1744
105468,0.0629
105469,0.0079
105470,0.9873
105471,0.04
105472,0.8047
105473,0.2903
105474,0.2004
105475,0.0023
105476,0.0033
105477,0.1029
105478,0.6554
105479,0.2072
105480,0.0674
105481,0.0068
105482,0.0315
105483,0.0206
105484,0.5608
105485,0.4996
105486,0.0089
105487,0.0385
105488,0.0984
105489,0.0248
105490,0.0141
105491,0.0079
105492,0.1619
105493,0.0033
105494,0.0375
105495,0.0239
105496,0.0225
105497,0.9105
105498,0.0023
105499,0.0973
105500,0.1089
105501,0.0269
105502,0.2342
105503,0.0517
105504,0.3883
105505,0.1018
105506,0.0023
105507,0.4117
105508,0.9304
105509,0.3229
105510,0.026
105511,0.2876
105512,0.0738
105513,0.1177
105514,0.3318
105515,0.0043
105516,0.822
105517,0.1771
105518,0.2982
105519,0.0121
105520,0.097
105521,0.2968
105522,0.0861
105523,0.1059
105524,0.1832
105525,0.0068
105526,0.0834
105527,0.0206
105528,0.133
105529,0.1397
105530,0.051
105531,0.0023
105532,0.0547
105533,0.5203
105534,0.0132
105535,0.0206
105536,0.0923
105537,0.0666
105538,0.0023
105539,0.0068
105540,0.3422
105541,0.0978
105542,0.0561
105543,0.2065
105544,0.9621
105545,0.4529
105546,0.0023
105547,0.176
105548,0.069
105549,0.035
105550,0.6072
105551,0.1147
105552,0.0239
105553,0.2138
105554,0.0145
105555,0.0033
105556,0.1418
105557,0.1594
105558,0.2723
105559,0.0629
105560,0.0304
105561,0.1839
105562,0.0907
105563,0.0119
105564,0.098
105565,0.0258
105566,0.0276
105567,0.1965
105568,0.1602
105569,0.067
105570,0.2463
105571,0.9507
105572,0.0629
105573,0.9279
105574,0.0206
105575,0.4953
105576,0.0206
105577,0.0663
105578,0.0108
105579,0.028
105580,0.4924
105581,0.0683
105582,0.3988
105583,0.522
105584,0.0225
105585,0.2272
105586,0.0477
105587,0.0274
105588,0.0455
105589,0.0309
105590,0.0025
105591,0.0023
105592,0.136
105593,0.0322
105594,0.0656
105595,0.0921
105596,0.0092
105597,0.0399
105598,0.0048
105599,0.1224
105600,0.9405
105601,0.0177
105602,0.1943
105603,0.0258
105604,0.0134
105605,0.1943
105606,0.0532
105607,0.1108
105608,0.0258
105609,0.1755
105610,0.2254
105611,0.2138
105612,0.5608
105613,0.1477
105614,0.0227
105615,0.8704
105616,0.6554
105617,0.8108
105618,0.1573
105619,0.478
105620,0.0206
105621,0.0948
105622,0.6072
105623,0.0068
105624,0.0092
105625,0.3
105626,0.0023
105627,0.0132
105628,0.026
105629,0.0387
105630,0.0281
105631,0.1654
105632,0.1827
105633,0.037
105634,0.478
105635,0.0164
105636,0.0206
105637,0.0709
105638,0.5608
105639,0.1175
105640,0.0219
105641,0.8951
105642,0.9105
105643,0.1176
105644,0.1419
105645,0.8951
105646,0.2075
105647,0.0278
105648,0.279
105649,0.0275
105650,0.0225
105651,0.0858
105652,0.0206
105653,0.7461
105654,0.0353
105655,0.0278
105656,0.2103
105657,0.012
105658,0.012
105659,0.035
105660,0.1998
105661,0.1418
105662,0.0206
105663,0.0177
105664,0.0023
105665,0.06
105666,0.1378
105667,0.6676
105668,0.6869
105669,0.051
105670,0.9279
105671,0.0108
105672,0.0884
105673,0.0455
105674,0.1748
105675,0.0887
105676,0.1943
105677,0.0834
105678,0.0225
105679,0.0238
105680,0.2533
105681,0.4374
105682,0.4298
105683,0.9999
105684,0.0464
105685,0.1709
105686,0.0172
105687,0.0206
105688,0.3477
105689,0.06
105690,0.9547
105691,0.6673
105692,0.4109
105693,0.4493
105694,0.0629
105695,0.0373
105696,0.1723
105697,0.3975
105698,0.1905
105699,0.0869
105700,0.0177
105701,0.0992
105702,0.2995
105703,0.2764
105704,0.035
105705,0.1378
105706,0.5694
105707,0.0745
105708,0.0206
105709,0.125
105710,0.2843
105711,0.2481
105712,0.1945
105713,0.2755
105714,0.06
105715,0.3371
105716,0.2418
105717,0.9105
105718,0.9198
105719,0.0114
105720,0.171
105721,0.2165
105722,0.1944
105723,0.0679
105724,0.0779
105725,0.5259
105726,0.267
105727,0.035
105728,0.0709
105729,0.0532
105730,0.123
105731,0.0182
105732,0.1291
105733,0.2749
105734,0.0903
105735,0.3371
105736,0.1217
105737,0.3969
105738,0.0637
105739,0.101
105740,0.1711
105741,0.0283
105742,0.118
105743,0.0401
105744,0.0111
105745,0.5375
105746,0.9279
105747,0.0666
105748,0.5203
105749,0.118
105750,0.0798
105751,0.0349
105752,0.0145
105753,0.9646
105754,0.1495
105755,0.7652
105756,0.3739
105757,0.0057
105758,0.3987
105759,0.0033
105760,0.035
105761,0.1065
105762,0.0177
105763,0.2636
105764,0.2948
105765,0.3437
105766,0.9627
105767,0.0067
105768,0.0152
105769,0.118
105770,0.9771
105771,0.1639
105772,0.0373
105773,0.5375
105774,0.9093
105775,0.0877
105776,0.079
105777,0.2068
105778,0.069
105779,0.8073
105780,0.0423
105781,0.5737
105782,0.012
105783,0.0457
105784,0.0349
105785,0.0089
105786,0.0881
105787,0.0102
105788,0.9222
105789,0.0152
105790,0.0152
105791,0.0386
105792,0.9752
105793,0.037
105794,0.5203
105795,0.0357
105796,0.0365
105797,0.4825
105798,0.1498
105799,0.0057
105800,0.5694
105801,0.01
105802,0.118
105803,0.0068
105804,0.0076
105805,0.488
105806,0.0495
105807,0.1285
105808,0.0276
105809,0.0092
105810,0.2723
105811,0.3977
105812,0.0275
105813,0.0387
105814,0.384
105815,0.8593
105816,0.0132
105817,0.179
105818,0.0739
105819,0.1733
105820,0.0816
105821,0.0023
105822,0.0716
105823,0.7063
105824,0.3728
105825,0.0477
105826,0.0225
105827,0.2052
105828,0.2463
105829,0.1274
105830,0.0023
105831,0.0134
105832,0.0506
105833,0.1822
105834,0.1449
105835,0.0745
105836,0.0682
105837,0.2234
105838,0.0325
105839,0.8851
105840,0.108
105841,0.0805
105842,0.42
105843,0.7002
105844,0.0023
105845,0.0479
105846,0.2802
105847,0.0922
105848,0.8254
105849,0.8582
105850,0.1156
105851,0.1058
105852,0.1219
105853,0.0111
105854,0.2045
105855,0.1122
105856,0.0881
105857,0.3573
105858,0.0988
105859,0.0455
105860,0.42
105861,0.0433
105862,0.0023
105863,0.0132
105864,0.259
105865,0.4828
105866,0.0547
105867,0.0399
105868,0.1089
105869,0.731
105870,0.302
105871,0.0482
105872,0.0023
105873,0.0477
105874,0.037
105875,0.5056
105876,0.1788
105877,0.3603
105878,0.0406
105879,0.0142
105880,0.1748
105881,0.0363
105882,0.1029
105883,0.5228
105884,0.4064
105885,0.3015
105886,0.1829
105887,0.5203
105888,0.3603
105889,0.0048
105890,0.9012
105891,0.5375
105892,0.348
105893,0.0206
105894,0.0145
105895,0.1101
105896,0.5737
105897,0.2318
105898,0.1505
105899,0.0506
105900,0.1147
105901,0.048
105902,0.0142
105903,0.4186
105904,0.0345
105905,0.1671
105906,0.0145
105907,0.085
105908,0.155
105909,0.0626
105910,0.9279
105911,0.0142
105912,0.0561
105913,0.0432
105914,0.1003
105915,0.1287
105916,0.1762
105917,0.7953
105918,0.0023
105919,0.1584
105920,0.1785
105921,0.0176
105922,0.079
105923,0.2213
105924,0.2228
105925,0.0539
105926,0.1175
105927,0.0816
105928,0.5435
105929,0.1292
105930,0.0023
105931,0.0225
105932,0.0539
105933,0.0658
105934,0.0322
105935,0.0881
105936,0.5107
105937,0.0303
105938,0.2972
105939,0.0843
105940,0.23
105941,0.1833
105942,0.012
105943,0.7324
105944,0.0057
105945,0.5608
105946,0.0263
105947,0.1572
105948,0.1117
105949,0.4891
105950,0.0881
105951,0.1101
105952,0.1622
105953,0.1101
105954,0.5168
105955,0.1671
105956,0.01
105957,0.0206
105958,0.1798
105959,0.0177
105960,0.0879
105961,0.2254
105962,0.3177
105963,0.0962
105964,0.2263
105965,0.2455
105966,0.0479
105967,0.3888
105968,0.3958
105969,0.0102
105970,0.9835
105971,0.1822
105972,0.0358
105973,0.1325
105974,0.1244
105975,0.0057
105976,0.0666
105977,0.0023
105978,0.06
105979,0.1291
105980,0.4711
105981,0.1844
105982,0.085
105983,0.7132
105984,0.1108
105985,0.0455
105986,0.0145
105987,0.0239
105988,0.0648
105989,0.0177
105990,0.9999
105991,0.7895
105992,0.1677
105993,0.0805
105994,0.6673
105995,0.1669
105996,0.06
105997,0.0102
105998,0.1413
105999,0.3546
106000,0.4924
106001,0.0424
106002,0.0666
106003,0.0276
106004,0.2436
106005,0.0477
106006,0.0139
106007,0.0023
106008,0.8376
106009,0.8737
106010,0.2863
106011,0.2235
106012,0.0206
106013,0.0001
106014,0.0399
106015,0.4032
106016,0.0145
106017,0.3471
106018,0.0089
106019,0.3371
106020,0.2849
106021,0.0401
106022,0.3918
106023,0.4922
106024,0.1247
106025,0.1039
106026,0.029
106027,0.0206
106028,0.1919
106029,0.0132
106030,0.0265
106031,0.0225
106032,0.9566
106033,0.1752
106034,0.0959
106035,0.069
106036,0.1242
106037,0.0068
106038,0.051
106039,0.1213
106040,0.0708
106041,0.0176
106042,0.8313
106043,0.3359
106044,0.8891
106045,0.7377
106046,0.0629
106047,0.0336
106048,0.0345
106049,0.2151
106050,0.2304
106051,0.092
106052,0.8068
106053,0.171
106054,0.0455
106055,0.0401
106056,0.0805
106057,0.2511
106058,0.976
106059,0.8851
106060,0.0677
106061,0.0532
106062,0.2946
106063,0.5303
106064,0.4085
106065,0.9875
106066,0.5228
106067,0.1663
106068,0.4436
106069,0.9012
106070,0.0086
106071,0.1033
106072,0.0023
106073,0.1048
106074,0.0152
106075,0.0283
106076,0.2069
106077,0.1802
106078,0.1579
106079,0.1214
106080,0.0905
106081,0.1546
106082,0.094
106083,0.153
106084,0.0727
106085,0.0108
106086,0.337
106087,0.5375
106088,0.0745
106089,0.0962
106090,0.1585
106091,0.0079
106092,0.0629
106093,0.4572
106094,0.0398
106095,0.2248
106096,0.157
106097,0.1194
106098,0.1289
106099,0.2935
106100,0.0737
106101,0.7182
106102,0.1032
106103,0.3224
106104,0.0402
106105,0.0629
106106,0.0798
106107,0.069
106108,0.0111
106109,0.0905
106110,0.1818
106111,0.2396
106112,0.0455
106113,0.0057
106114,0.0682
106115,0.0629
106116,0.0023
106117,0.0813
106118,0.1681
106119,0.1295
106120,0.2944
106121,0.1244
106122,0.0048
106123,0.0326
106124,0.1352
106125,0.3161
106126,0.9796
106127,0.8941
106128,0.3137
106129,0.2075
106130,0.3683
106131,0.0406
106132,0.0985
106133,0.0152
106134,0.3021
106135,0.0193
106136,0.0709
106137,0.3624
106138,0.0089
106139,0.3308
106140,0.1469
106141,0.0798
106142,0.9405
106143,0.0787
106144,0.1125
106145,0.8222
106146,0.7825
106147,0.0142
106148,0.0023
106149,0.0556
106150,0.171
106151,0.0164
106152,0.5375
106153,0.0225
106154,0.0193
106155,0.2302
106156,0.0308
106157,0.0547
106158,0.0373
106159,0.0532
106160,0.0984
106161,0.7048
106162,0.04
106163,0.0816
106164,0.9093
106165,0.0127
106166,0.0069
106167,0.0023
106168,0.4434
106169,0.1579
106170,0.0023
106171,0.0626
106172,0.0164
106173,0.4003
106174,0.1809
106175,0.0357
106176,0.8584
106177,0.073
106178,0.0411
106179,0.7182
106180,0.0283
106181,0.1858
106182,0.2575
106183,0.0092
106184,0.171
106185,0.0401
106186,0.9142
106187,0.7377
106188,0.0089
106189,0.079
106190,0.4311
106191,0.9279
106192,0.0532
106193,0.9077
106194,0.4799
106195,0.1027
106196,0.2069
106197,0.3256
106198,0.0152
106199,0.0068
106200,0.3001
106201,0.5608
106202,0.2918
106203,0.0238
106204,0.051
106205,0.0637
106206,0.3766
106207,0.5608
106208,0.0227
106209,0.0955
106210,0.0089
106211,0.4183
106212,0.4116
106213,0.6673
106214,0.0256
106215,0.1822
106216,0.5608
106217,0.0238
106218,0.0177
106219,0.0023
106220,0.0243
106221,0.1748
106222,0.0903
106223,0.0978
106224,0.5818
106225,0.1353
106226,0.0111
106227,0.2037
106228,0.9012
106229,0.0978
106230,0.0709
106231,0.2541
106232,0.0561
106233,0.0023
106234,0.1505
106235,0.0225
106236,0.5056
106237,0.0076
106238,0.0103
106239,0.1337
106240,0.1058
106241,0.0479
106242,0.0769
106243,0.0176
106244,0.1496
106245,0.0331
106246,0.4151
106247,0.5026
106248,0.341
106249,0.0227
106250,0.0429
106251,0.0023
106252,0.6046
106253,0.0311
106254,0.1192
106255,0.8157
106256,0.9024
106257,0.1622
106258,0.4114
106259,0.1225
106260,0.167
106261,0.0457
106262,0.4644
106263,0.0206
106264,0.3739
106265,0.0629
106266,0.034
106267,0.4756
106268,0.048
106269,0.0142
106270,0.1156
106271,0.0193
106272,0.5183
106273,0.06
106274,0.0424
106275,0.4963
106276,0.0377
106277,0.094
106278,0.0363
106279,0.0745
106280,0.9405
106281,0.7397
106282,0.1594
106283,0.0666
106284,0.4493
106285,0.085
106286,0.0881
106287,0.1477
106288,0.0745
106289,0.1802
106290,0.06
106291,0.0068
106292,0.068
106293,0.2564
106294,0.519
106295,0.123
106296,0.2765
106297,0.0206
106298,0.1217
106299,0.0176
106300,0.1371
106301,0.0068
106302,0.0238
106303,0.0152
106304,0.0532
106305,0.1453
106306,0.176
106307,0.4983
106308,0.0629
106309,0.4194
106310,0.6424
106311,0.3683
106312,0.06
106313,0.0023
106314,0.1469
106315,0.1188
106316,0.1671
106317,0.1156
106318,0.0396
106319,0.3177
106320,0.0352
106321,0.2138
106322,0.8009
106323,0.1357
106324,0.7377
106325,0.0225
106326,0.0023
106327,0.4106
106328,0.1413
106329,0.0278
106330,0.3432
106331,0.4032
106332,0.1504
106333,0.0545
106334,0.0401
106335,0.0033
106336,0.5203
106337,0.3442
106338,0.1069
106339,0.0278
106340,0.9012
106341,0.1957
106342,0.0745
106343,0.0737
106344,0.1192
106345,0.0561
106346,0.0176
106347,0.0132
106348,0.048
106349,0.5694
106350,0.0089
106351,0.0152
106352,0.0206
106353,0.3014
106354,0.0402
106355,0.836
106356,0.04
106357,0.1015
106358,0.0433
106359,0.5203
106360,0.0887
106361,0.184
106362,0.0067
106363,0.0043
106364,0.4362
106365,0.184
106366,0.3253
106367,0.0461
106368,0.0532
106369,0.0629
106370,0.0769
106371,0.0023
106372,0.0256
106373,0.6869
106374,0.0816
106375,0.0364
106376,0.0068
106377,0.1788
106378,0.078
106379,0.5737
106380,0.21
106381,0.0182
106382,0.2879
106383,0.0763
106384,0.184
106385,0.0166
106386,0.0749
106387,0.0258
106388,0.4943
106389,0.0832
106390,0.1865
106391,0.0177
106392,0.0048
106393,0.0177
106394,0.0086
106395,0.0442
106396,0.3603
106397,0.0283
106398,0.2052
106399,0.0674
106400,0.5959
106401,0.1103
106402,0.0023
106403,0.6673
106404,0.184
106405,0.0269
106406,0.1874
106407,0.1772
106408,0.5608
106409,0.0227
106410,0.0033
106411,0.3804
106412,0.1558
106413,0.0321
106414,0.0566
106415,0.0238
106416,0.2201
106417,0.337
106418,0.4291
106419,0.0547
106420,0.1382
106421,0.2248
106422,0.044
106423,0.1859
106424,0.0798
106425,0.1689
106426,0.2227
106427,0.095
106428,0.0079
106429,0.0305
106430,0.5178
106431,0.1018
106432,0.0057
106433,0.2981
106434,0.012
106435,0.0637
106436,0.1919
106437,0.0884
106438,0.5375
106439,0.0629
106440,0.0292
106441,0.032
106442,0.7953
106443,0.171
106444,0.0707
106445,0.0663
106446,0.0877
106447,0.035
106448,0.04
106449,0.2052
106450,0.2101
106451,0.1153
106452,0.24
106453,0.0048
106454,0.1443
106455,0.0145
106456,0.1334
106457,0.0193
106458,0.0666
106459,0.0023
106460,0.0177
106461,0.1023
106462,0.3955
106463,0.0068
106464,0.2299
106465,0.041
106466,0.0023
106467,0.0659
106468,0.0428
106469,0.0358
106470,0.1572
106471,0.0453
106472,0.0357
106473,0.2649
106474,0.0992
106475,0.0887
106476,0.9466
106477,0.0206
106478,0.1439
106479,0.0023
106480,0.341
106481,0.4519
106482,0.0947
106483,0.0409
106484,0.2998
106485,0.0241
106486,0.0089
106487,0.0821
106488,0.0176
106489,0.9024
106490,0.9012
106491,0.0662
106492,0.0348
106493,0.0761
106494,0.0421
106495,0.0532
106496,0.0762
106497,0.0278
106498,0.4065
106499,0.507
106500,0.019
106501,0.842
106502,0.0121
106503,0.3719
106504,0.3291
106505,0.0773
106506,0.079
106507,0.4782
106508,0.0142
106509,0.0532
106510,0.0327
106511,0.3004
106512,0.0401
106513,0.2032
106514,0.1247
106515,0.4075
106516,0.0132
106517,0.1232
106518,0.0227
106519,0.9247
106520,0.2244
106521,0.0206
106522,0.9433
106523,0.4679
106524,0.0185
106525,0.085
106526,0.4435
106527,0.0401
106528,0.0806
106529,0.1134
106530,0.6176
106531,0.8176
106532,0.0477
106533,0.3396
106534,0.06
106535,0.3154
106536,0.9222
106537,0.2268
106538,0.6089
106539,0.1082
106540,0.0145
106541,0.0206
106542,0.6046
106543,0.1247
106544,0.0177
106545,0.0903
106546,0.0833
106547,0.0435
106548,0.0745
106549,0.0309
106550,0.0952
106551,0.0177
106552,0.5375
106553,0.1369
106554,0.0206
106555,0.1237
106556,0.836
106557,0.0225
106558,0.0145
106559,0.1065
106560,0.051
106561,0.0023
106562,0.0164
106563,0.1612
106564,0.0877
106565,0.1023
106566,0.3625
106567,0.1795
106568,0.1144
106569,0.0241
106570,0.0877
106571,0.0424
106572,0.1937
106573,0.0842
106574,0.7762
106575,0.6806
106576,0.5056
106577,0.0065
106578,0.0397
106579,0.1027
106580,0.0666
106581,0.209
106582,0.0324
106583,0.103
106584,0.0082
106585,0.0477
106586,0.4597
106587,0.6089
106588,0.1866
106589,0.9303
106590,0.0102
106591,0.3884
106592,0.0798
106593,0.0227
106594,0.1109
106595,0.5375
106596,0.0176
106597,0.1285
106598,0.0238
106599,0.0258
106600,0.1709
106601,0.0326
106602,0.0227
106603,0.0832
106604,0.0206
106605,0.1365
106606,0.7182
106607,0.1064
106608,0.0023
106609,0.0364
106610,0.0769
106611,0.0086
106612,0.0227
106613,0.0905
106614,0.4272
106615,0.0375
106616,0.0152
106617,0.0182
106618,0.0798
106619,0.0139
106620,0.3878
106621,0.15
106622,0.134
106623,0.1352
106624,0.0725
106625,0.0905
106626,0.1788
106627,0.1504
106628,0.0881
106629,0.0068
106630,0.0966
106631,0.4014
106632,0.0377
106633,0.409
106634,0.2075
106635,0.1195
106636,0.0484
106637,0.0984
106638,0.2153
106639,0.3603
106640,0.0033
106641,0.5375
106642,0.9012
106643,0.2633
106644,0.0203
106645,0.9268
106646,0.0145
106647,0.9012
106648,0.0517
106649,0.0812
106650,0.7461
106651,0.9875
106652,0.0033
106653,0.0023
106654,0.0877
106655,0.1487
106656,0.9999
106657,0.034
106658,0.0257
106659,0.1247
106660,0.0805
106661,0.5375
106662,0.0225
106663,0.3464
106664,0.0506
106665,0.9999
106666,0.0227
106667,0.1315
106668,0.0626
106669,0.7969
106670,0.0089
106671,0.0402
106672,0.4604
106673,0.0068
106674,0.0111
106675,0.0121
106676,0.0206
106677,0.7265
106678,0.0532
106679,0.1965
106680,0.0102
106681,0.6933
106682,0.3069
106683,0.0517
106684,0.1702
106685,0.0455
106686,0.0259
106687,0.1752
106688,0.032
106689,0.0779
106690,0.1789
106691,0.0836
106692,0.0045
106693,0.0401
106694,0.5375
106695,0.034
106696,0.01
106697,0.0152
106698,0.0377
106699,0.1162
106700,0.9405
106701,0.0402
106702,0.9553
106703,0.02
106704,0.176
106705,0.5461
106706,0.1748
106707,0.7182
106708,0.0745
106709,0.976
106710,0.0887
106711,0.0423
106712,0.2091
106713,0.0206
106714,0.5959
106715,0.0182
106716,0.0206
106717,0.0023
106718,0.1859
106719,0.0103
106720,0.0631
106721,0.051
106722,0.1175
106723,0.3683
106724,0.1162
106725,0.9433
106726,0.0177
106727,0.045
106728,0.1525
106729,0.3811
106730,0.0455
106731,0.0928
106732,0.0102
106733,0.1247
106734,0.1001
106735,0.2086
106736,0.185
106737,0.0033
106738,0.0399
106739,0.0547
106740,0.02
106741,0.0496
106742,0.0164
106743,0.7925
106744,0.0079
106745,0.0225
106746,0.6554
106747,0.0225
106748,0.3177
106749,0.0132
106750,0.0069
106751,0.0023
106752,0.5375
106753,0.0176
106754,0.0561
106755,0.0532
106756,0.7461
106757,0.0877
106758,0.1048
106759,0.1194
106760,0.0176
106761,0.789
106762,0.0177
106763,0.176
106764,0.1382
106765,0.0832
106766,0.0023
106767,0.1192
106768,0.1033
106769,0.0424
106770,0.1572
106771,0.0979
106772,0.0225
106773,0.0386
106774,0.4572
106775,0.2794
106776,0.0973
106777,0.1302
106778,0.1839
106779,0.1663
106780,0.0985
106781,0.1895
106782,0.0402
106783,0.0737
106784,0.0271
106785,0.0701
106786,0.0666
106787,0.1018
106788,0.0206
106789,0.045
106790,0.0177
106791,0.0666
106792,0.228
106793,0.0436
106794,0.0402
106795,0.0455
106796,0.0666
106797,0.0424
106798,0.3703
106799,0.0989
106800,0.0697
106801,0.5375
106802,0.0401
106803,0.2635
106804,0.0086
106805,0.4011
106806,0.0239
106807,0.3426
106808,0.0629
106809,0.1977
106810,0.0239
106811,0.1011
106812,0.0206
106813,0.1859
106814,0.0177
106815,0.1291
106816,0.2936
106817,0.0716
106818,0.1446
106819,0.0771
106820,0.0276
106821,0.3761
106822,0.3455
106823,0.0525
106824,0.0561
106825,0.0068
106826,0.5694
106827,0.0001
106828,0.7377
106829,0.0869
106830,0.0716
106831,0.0315
106832,0.1104
106833,0.1056
106834,0.1376
106835,0.0666
106836,0.0023
106837,0.0206
106838,0.026
106839,0.1864
106840,0.0239
106841,0.2533
106842,0.0033
106843,0.0102
106844,0.123
106845,0.2296
106846,0.0292
106847,0.0258
106848,0.0346
106849,0.0517
106850,0.0086
106851,0.5608
106852,0.1451
106853,0.0807
106854,0.0177
106855,0.3917
106856,0.1658
106857,0.0258
106858,0.9999
106859,0.0812
106860,0.0079
106861,0.1905
106862,0.0532
106863,0.1806
106864,0.3543
106865,0.0524
106866,0.0769
106867,0.1573
106868,0.1143
106869,0.0881
106870,0.0048
106871,0.4334
106872,0.0455
106873,0.1798
106874,0.2405
106875,0.0401
106876,0.0324
106877,0.17
106878,0.0709
106879,0.1139
106880,0.1039
106881,0.2723
106882,0.0433
106883,0.1637
106884,0.0666
106885,0.9137
106886,0.5608
106887,0.0033
106888,0.7136
106889,0.0769
106890,0.8111
106891,0.5036
106892,0.0023
106893,0.0259
106894,0.2991
106895,0.136
106896,0.0779
106897,0.1699
106898,0.8028
106899,0.0561
106900,0.0798
106901,0.7506
106902,0.1244
106903,0.0092
106904,0.0629
106905,0.0023
106906,0.0057
106907,0.0225
106908,0.0983
106909,0.118
106910,0.0086
106911,0.1071
106912,0.9024
106913,0.0227
106914,0.5203
106915,0.3603
106916,0.0097
106917,0.0068
106918,0.9082
106919,0.06
106920,0.1443
106921,0.069
106922,0.0177
106923,0.9088
106924,0.1243
106925,0.0813
106926,0.0322
106927,0.0798
106928,0.5026
106929,0.3001
106930,0.1982
106931,0.034
106932,0.0256
106933,0.0203
106934,0.048
106935,0.1864
106936,0.0948
106937,0.3177
106938,0.0045
106939,0.0401
106940,0.0164
106941,0.153
106942,0.8303
106943,0.1809
106944,0.0324
106945,0.474
106946,0.3603
106947,0.7461
106948,0.9433
106949,0.0455
106950,0.4786
106951,0.1388
106952,0.0219
106953,0.1798
106954,0.0629
106955,0.7845
106956,0.0745
106957,0.0292
106958,0.0402
106959,0.2991
106960,0.0241
106961,0.0193
106962,0.5203
106963,0.1419
106964,0.0068
106965,0.1581
106966,0.281
106967,0.6115
106968,0.0117
106969,0.0023
106970,0.1858
106971,0.0033
106972,0.1937
106973,0.9222
106974,0.0888
106975,0.0666
106976,0.4667
106977,0.8582
106978,0.1234
106979,0.5211
106980,0.067
106981,0.2557
106982,0.0023
106983,0.0532
106984,0.0532
106985,0.366
106986,0.0351
106987,0.0296
106988,0.0745
106989,0.1065
106990,0.3739
106991,0.0068
106992,0.0273
106993,0.0186
106994,0.8785
106995,0.0547
106996,0.0477
106997,0.0176
106998,0.131
106999,0.1939
107000,0.095
107001,0.0877
107002,0.5228
107003,0.1859
107004,0.0401
107005,0.2728
107006,0.1511
107007,0.2968
107008,0.1236
107009,0.1162
107010,0.0176
107011,0.0164
107012,0.0745
107013,0.0134
107014,0.9268
107015,0.1103
107016,0.0395
107017,0.0219
107018,0.0455
107019,0.1965
107020,0.0325
107021,0.0816
107022,0.4065
107023,0.0319
107024,0.0278
107025,0.9433
107026,0.3228
107027,0.1384
107028,0.0023
107029,0.3632
107030,0.0319
107031,0.5203
107032,0.1663
107033,0.0111
107034,0.1504
107035,0.1822
107036,0.1154
107037,0.0253
107038,0.012
107039,0.1446
107040,0.1659
107041,0.0244
107042,0.0225
107043,0.2068
107044,0.1301
107045,0.3958
107046,0.4768
107047,0.0145
107048,0.0816
107049,0.1069
107050,0.0177
107051,0.0092
107052,0.3004
107053,0.0905
107054,0.1109
107055,0.0048
107056,0.0625
107057,0.2114
107058,0.0948
107059,0.176
107060,0.5107
107061,0.2999
107062,0.0337
107063,0.1116
107064,0.249
107065,0.8461
107066,0.0394
107067,0.0308
107068,0.2498
107069,0.5608
107070,0.5737
107071,0.0108
107072,0.0948
107073,0.0145
107074,0.3096
107075,0.0253
107076,0.0364
107077,0.0023
107078,0.4551
107079,0.0176
107080,0.0111
107081,0.2769
107082,0.2814
107083,0.0532
107084,0.3539
107085,0.1027
107086,0.0177
107087,0.9439
107088,0.0079
107089,0.0284
107090,0.1183
107091,0.0274
107092,0.0727
107093,0.026
107094,0.407
107095,0.0225
107096,0.01
107097,0.1099
107098,0.4068
107099,0.0177
107100,0.1001
107101,0.1139
107102,0.3841
107103,0.1247
107104,0.0745
107105,0.0068
107106,0.0462
107107,0.0292
107108,0.1904
107109,0.0745
107110,0.0358
107111,0.0483
107112,0.1183
107113,0.048
107114,0.3704
107115,0.478
107116,0.0401
107117,0.5462
107118,0.1598
107119,0.384
107120,0.496
107121,0.0955
107122,0.021
107123,0.0306
107124,0.9166
107125,0.2081
107126,0.0023
107127,0.0877
107128,0.0304
107129,0.0455
107130,0.0483
107131,0.2162
107132,0.2766
107133,0.01
107134,0.0023
107135,0.4655
107136,0.9433
107137,0.2037
107138,0.0424
107139,0.0325
107140,0.3203
107141,0.0089
107142,0.474
107143,0.0816
107144,0.0362
107145,0.0023
107146,0.1192
107147,0.337
107148,0.0361
107149,0.0761
107150,0.8009
107151,0.0177
107152,0.1132
107153,0.0805
107154,0.0561
107155,0.0356
107156,0.0304
107157,0.6673
107158,0.0134
107159,0.7772
107160,0.0561
107161,0.0843
107162,0.0023
107163,0.0585
107164,0.0877
107165,0.0969
107166,0.06
107167,0.0185
107168,0.9148
107169,0.06
107170,0.0877
107171,0.0079
107172,0.0033
107173,0.0132
107174,0.171
107175,0.168
107176,0.4558
107177,0.1003
107178,0.0367
107179,0.1328
107180,0.0048
107181,0.1112
107182,0.0966
107183,0.0506
107184,0.032
107185,0.1087
107186,0.153
107187,0.0884
107188,0.1018
107189,0.085
107190,0.9547
107191,0.2227
107192,0.0805
107193,0.103
107194,0.0023
107195,0.8672
107196,0.1291
107197,0.0326
107198,0.0177
107199,0.0645
107200,0.0561
107201,0.257
107202,0.0386
107203,0.2625
107204,0.0629
107205,0.478
107206,0.079
107207,0.0834
107208,0.2948
107209,0.0532
107210,0.0023
107211,0.0433
107212,0.5375
107213,0.1247
107214,0.133
107215,0.1576
107216,0.019
107217,0.4782
107218,0.0023
107219,0.1504
107220,0.0139
107221,0.3819
107222,0.0079
107223,0.0177
107224,0.1596
107225,0.0394
107226,0.3191
107227,0.0683
107228,0.1352
107229,0.0457
107230,0.6115
107231,0.0086
107232,0.1325
107233,0.2592
107234,0.0355
107235,0.2333
107236,0.5608
107237,0.2069
107238,0.085
107239,0.1645
107240,0.1357
107241,0.4954
107242,0.1297
107243,0.2533
107244,0.129
107245,0.1475
107246,0.5956
107247,0.3298
107248,0.0132
107249,0.6554
107250,0.0424
107251,0.072
107252,0.5435
107253,0.0532
107254,0.5912
107255,0.9437
107256,0.0666
107257,0.0023
107258,0.0328
107259,0.0033
107260,0.1286
107261,0.0989
107262,0.048
107263,0.1298
107264,0.0145
107265,0.1593
107266,0.1859
107267,0.5032
107268,0.0092
107269,0.0176
107270,0.1853
107271,0.0859
107272,0.3841
107273,0.0145
107274,0.2225
107275,0.239
107276,0.8521
107277,0.109
107278,0.153
107279,0.0349
107280,0.1829
107281,0.0884
107282,0.0023
107283,0.0545
107284,0.0672
107285,0.9433
107286,0.0645
107287,0.4044
107288,0.9484
107289,0.0457
107290,0.6176
107291,0.1352
107292,0.503
107293,0.0309
107294,0.0225
107295,0.0206
107296,0.0256
107297,0.1957
107298,0.7652
107299,0.3718
107300,0.3393
107301,0.079
107302,0.0545
107303,0.2482
107304,0.0737
107305,0.0092
107306,0.0023
107307,0.0908
107308,0.1156
107309,0.091
107310,0.0435
107311,0.0547
107312,0.1156
107313,0.035
107314,0.0225
107315,0.1687
107316,0.0206
107317,0.0406
107318,0.9433
107319,0.3833
107320,0.0125
107321,0.0276
107322,0.012
107323,0.0089
107324,0.0023
107325,0.0779
107326,0.0672
107327,0.3603
107328,0.0193
107329,0.3085
107330,0.9875
107331,0.0152
107332,0.0318
107333,0.8122
107334,0.04
107335,0.0561
107336,0.2454
107337,0.2876
107338,0.0455
107339,0.0477
107340,0.0479
107341,0.6673
107342,0.1289
107343,0.0373
107344,0.6046
107345,0.0322
107346,0.0057
107347,0.1149
107348,0.3874
107349,0.048
107350,0.1622
107351,0.9093
107352,0.0177
107353,0.0145
107354,0.0948
107355,0.0048
107356,0.06
107357,0.0278
107358,0.9093
107359,0.0048
107360,0.7068
107361,0.1689
107362,0.9433
107363,0.171
107364,0.0561
107365,0.2331
107366,0.0561
107367,0.1194
107368,0.1503
107369,0.171
107370,0.0306
107371,0.157
107372,0.2948
107373,0.0206
107374,0.0023
107375,0.1902
107376,0.0324
107377,0.1413
107378,0.0317
107379,0.0177
107380,0.2496
107381,0.0089
107382,0.383
107383,0.1011
107384,0.0455
107385,0.0948
107386,0.9093
107387,0.069
107388,0.0206
107389,0.5228
107390,0.095
107391,0.3565
107392,0.5694
107393,0.0206
107394,0.2292
107395,0.174
107396,0.0043
107397,0.0504
107398,0.2172
107399,0.1469
107400,0.3333
107401,0.4931
107402,0.0048
107403,0.0061
107404,0.0816
107405,0.1122
107406,0.0879
107407,0.9012
107408,0.3118
107409,0.7729
107410,0.4184
107411,0.0057
107412,0.0734
107413,0.0423
107414,0.1467
107415,0.1864
107416,0.0402
107417,0.0477
107418,0.1243
107419,0.4892
107420,0.2157
107421,0.2637
107422,0.0177
107423,0.0206
107424,0.8028
107425,0.176
107426,0.0287
107427,0.1752
107428,0.1027
107429,0.1877
107430,0.02
107431,0.0057
107432,0.0206
107433,0.048
107434,0.1809
107435,0.0787
107436,0.105
107437,0.4807
107438,0.0023
107439,0.9999
107440,0.0561
107441,0.0111
107442,0.0206
107443,0.0884
107444,0.1226
107445,0.0033
107446,0.0023
107447,0.0324
107448,0.0855
107449,0.2396
107450,0.0068
107451,0.0225
107452,0.8717
107453,0.1525
107454,0.0424
107455,0.0082
107456,0.384
107457,0.0023
107458,0.0054
107459,0.0348
107460,0.0761
107461,0.0816
107462,0.0895
107463,0.0283
107464,0.1802
107465,0.0145
107466,0.3748
107467,0.0023
107468,0.1236
107469,0.0424
107470,0.5608
107471,0.3001
107472,0.2303
107473,0.3704
107474,0.0397
107475,0.1752
107476,0.1864
107477,0.0455
107478,0.0926
107479,0.1291
107480,0.0423
107481,0.0997
107482,0.0177
107483,0.0023
107484,0.0043
107485,0.1548
107486,0.1056
107487,0.0955
107488,0.2185
107489,0.0258
107490,0.177
107491,0.3603
107492,0.0873
107493,0.5375
107494,0.5056
107495,0.0206
107496,0.5375
107497,0.0532
107498,0.0539
107499,0.1374
107500,0.069
107501,0.0145
107502,0.0177
107503,0.9192
107504,0.06
107505,0.0358
107506,0.0877
107507,0.2812
107508,0.2136
107509,0.0427
107510,0.4744
107511,0.0193
107512,0.6806
107513,0.1902
107514,0.418
107515,0.0547
107516,0.0127
107517,0.3177
107518,0.5608
107519,0.0152
107520,0.366
107521,0.2065
107522,0.3138
107523,0.2037
107524,0.6176
107525,0.0172
107526,0.0145
107527,0.8951
107528,0.0877
107529,0.0177
107530,0.1194
107531,0.0225
107532,0.0206
107533,0.204
107534,0.0477
107535,0.0402
107536,0.9148
107537,0.337
107538,0.2082
107539,0.0023
107540,0.0876
107541,0.1471
107542,0.1736
107543,0.0431
107544,0.1269
107545,0.7377
107546,0.378
107547,0.5375
107548,0.0023
107549,0.06
107550,0.0442
107551,0.1681
107552,0.0506
107553,0.9875
107554,0.3005
107555,0.031
107556,0.9383
107557,0.4723
107558,0.242
107559,0.0206
107560,0.02
107561,0.1285
107562,0.0974
107563,0.2502
107564,0.026
107565,0.5608
107566,0.0907
107567,0.5145
107568,0.0944
107569,0.0805
107570,0.0023
107571,0.1285
107572,0.0225
107573,0.0978
107574,0.0411
107575,0.0068
107576,0.1859
107577,0.1748
107578,0.283
107579,0.368
107580,0.536
107581,0.2353
107582,0.0023
107583,0.06
107584,0.1725
107585,0.0023
107586,0.875
107587,0.0805
107588,0.067
107589,0.0001
107590,0.301
107591,0.1036
107592,0.5435
107593,0.1069
107594,0.0569
107595,0.026
107596,0.1876
107597,0.0111
107598,0.0903
107599,0.1101
107600,0.5375
107601,0.9384
107602,0.2886
107603,0.3177
107604,0.3341
107605,0.3841
107606,0.0336
107607,0.1681
107608,0.0455
107609,0.0068
107610,0.1833
107611,0.0227
107612,0.1827
107613,0.0092
107614,0.6673
107615,0.5203
107616,0.2634
107617,0.0309
107618,0.0342
107619,0.0745
107620,0.7652
107621,0.9547
107622,0.0884
107623,0.1368
107624,0.0152
107625,0.6072
107626,0.157
107627,0.153
107628,0.8861
107629,0.0604
107630,0.1489
107631,0.0832
107632,0.0079
107633,0.1084
107634,0.4115
107635,0.0655
107636,0.035
107637,0.0177
107638,0.0145
107639,0.0402
107640,0.528
107641,0.0539
107642,0.1048
107643,0.3191
107644,0.0206
107645,0.0111
107646,0.0305
107647,0.0325
107648,0.0645
107649,0.3138
107650,0.1958
107651,0.9513
107652,0.337
107653,0.0402
107654,0.1158
107655,0.1137
107656,0.1045
107657,0.1054
107658,0.976
107659,0.0057
107660,0.9001
107661,0.0584
107662,0.0191
107663,0.3344
107664,0.0506
107665,0.3648
107666,0.0805
107667,0.0023
107668,0.4529
107669,0.1998
107670,0.0881
107671,0.0666
107672,0.9012
107673,0.3213
107674,0.103
107675,0.048
107676,0.0069
107677,0.0343
107678,0.0457
107679,0.1132
107680,0.0333
107681,0.0455
107682,0.0637
107683,0.1655
107684,0.7182
107685,0.9791
107686,0.7052
107687,0.6424
107688,0.0069
107689,0.9303
107690,0.06
107691,0.3839
107692,0.1443
107693,0.0023
107694,0.5288
107695,0.0145
107696,0.3533
107697,0.6673
107698,0.2563
107699,0.1034
107700,0.0336
107701,0.2162
107702,0.1156
107703,0.184
107704,0.4972
107705,0.0275
107706,0.0573
107707,0.7377
107708,0.0177
107709,0.0196
107710,0.032
107711,0.0944
107712,0.176
107713,0.3917
107714,0.0787
107715,0.0801
107716,0.8348
107717,0.1828
107718,0.0375
107719,0.0629
107720,0.3833
107721,0.3697
107722,0.0065
107723,0.1839
107724,0.3092
107725,0.1995
107726,0.7182
107727,0.1469
107728,0.0816
107729,0.0023
107730,0.1775
107731,0.2502
107732,0.112
107733,0.0033
107734,0.2172
107735,0.0206
107736,0.37
107737,0.1982
107738,0.3934
107739,0.1506
107740,0.0988
107741,0.0152
107742,0.2723
107743,0.0757
107744,0.8593
107745,0.0569
107746,0.0177
107747,0.0787
107748,0.1877
107749,0.3291
107750,0.9105
107751,0.0532
107752,0.8672
107753,0.0086
107754,0.1969
107755,0.1857
107756,0.0206
107757,0.8303
107758,0.2971
107759,0.0296
107760,0.8807
107761,0.1731
107762,0.4924
107763,0.0391
107764,0.1881
107765,0.8951
107766,0.0532
107767,0.0402
107768,0.1183
107769,0.0057
107770,0.0877
107771,0.06
107772,0.6554
107773,0.0532
107774,0.8861
107775,0.0092
107776,0.0334
107777,0.0001
107778,0.283
107779,0.6801
107780,0.0985
107781,0.1139
107782,0.069
107783,0.4954
107784,0.0907
107785,0.0307
107786,0.0302
107787,0.0629
107788,0.023
107789,0.5608
107790,0.0176
107791,0.0132
107792,0.0966
107793,0.0069
107794,0.0118
107795,0.2639
107796,0.9105
107797,0.1036
107798,0.4314
107799,0.2879
107800,0.1058
107801,0.0397
107802,0.3344
107803,0.1089
107804,0.0399
107805,0.5203
107806,0.0177
107807,0.1027
107808,0.0177
107809,0.0944
107810,0.506
107811,0.0299
107812,0.1302
107813,0.0177
107814,0.0335
107815,0.3839
107816,0.0343
107817,0.163
107818,0.8941
107819,0.3636
107820,0.0302
107821,0.0373
107822,0.3161
107823,0.0373
107824,0.0068
107825,0.2408
107826,0.0421
107827,0.4321
107828,0.9093
107829,0.0033
107830,0.0666
107831,0.2876
107832,0.1237
107833,0.0043
107834,0.0716
107835,0.0054
107836,0.1042
107837,0.0225
107838,0.0376
107839,0.5375
107840,0.0809
107841,0.0057
107842,0.1881
107843,0.1637
107844,0.1101
107845,0.1885
107846,0.011
107847,0.4725
107848,0.035
107849,0.0057
107850,0.9012
107851,0.0887
107852,0.0089
107853,0.0401
107854,0.2698
107855,0.0054
107856,0.0023
107857,0.0177
107858,0.0532
107859,0.0206
107860,0.0132
107861,0.4527
107862,0.2161
107863,0.2808
107864,0.0177
107865,0.2572
107866,0.1681
107867,0.048
107868,0.0023
107869,0.0877
107870,0.1018
107871,0.0108
107872,0.1671
107873,0.0679
107874,0.0054
107875,0.0731
107876,0.3452
107877,0.3177
107878,0.2496
107879,0.0377
107880,0.0118
107881,0.2129
107882,0.0057
107883,0.175
107884,0.0206
107885,0.337
107886,0.0918
107887,0.1352
107888,0.0958
107889,0.0506
107890,0.0539
107891,0.9627
107892,0.478
107893,0.0816
107894,0.0423
107895,0.3732
107896,0.1192
107897,0.2545
107898,0.0176
107899,0.0111
107900,0.1902
107901,0.2677
107902,0.3739
107903,0.0177
107904,0.1285
107905,0.2264
107906,0.1659
107907,0.4655
107908,0.1666
107909,0.097
107910,0.1345
107911,0.0068
107912,0.0637
107913,0.0089
107914,0.176
107915,0.0824
107916,0.1089
107917,0.0666
107918,0.8951
107919,0.6554
107920,0.0103
107921,0.094
107922,0.509
107923,0.0745
107924,0.1771
107925,0.0735
107926,0.4018
107927,0.1018
107928,0.092
107929,0.0805
107930,0.1426
107931,0.0399
107932,0.4766
107933,0.2686
107934,0.5375
107935,0.2829
107936,0.0082
107937,0.0206
107938,0.0023
107939,0.9178
107940,0.337
107941,0.0629
107942,0.0182
107943,0.281
107944,0.1594
107945,0.2437
107946,0.0429
107947,0.0837
107948,0.1289
107949,0.168
107950,0.216
107951,0.0629
107952,0.1236
107953,0.0054
107954,0.1822
107955,0.1663
107956,0.2788
107957,0.0227
107958,0.7762
107959,0.1291
107960,0.0547
107961,0.1802
107962,0.1295
107963,0.3216
107964,0.4684
107965,0.1328
107966,0.0433
107967,0.051
107968,0.2264
107969,0.9001
107970,0.0598
107971,0.5608
107972,0.144
107973,0.0164
107974,0.0318
107975,0.465
107976,0.0176
107977,0.2955
107978,0.5046
107979,0.1352
107980,0.0108
107981,0.1732
107982,0.1111
107983,0.1637
107984,0.0239
107985,0.0023
107986,0.0552
107987,0.153
107988,0.0561
107989,0.0101
107990,0.1771
107991,0.024
107992,0.1036
107993,0.4655
107994,0.0462
107995,0.3317
107996,0.1139
107997,0.138
107998,0.0033
107999,0.0569
108000,0.0402
108001,0.0079
108002,0.0877
108003,0.0539
108004,0.0561
108005,0.0737
108006,0.0808
108007,0.1127
108008,0.9116
108009,0.0089
108010,0.0457
108011,0.0206
108012,0.0626
108013,0.0057
108014,0.0225
108015,0.3529
108016,0.1345
108017,0.2107
108018,0.0293
108019,0.0881
108020,0.0985
108021,0.1637
108022,0.2945
108023,0.012
108024,0.0637
108025,0.0169
108026,0.123
108027,0.0585
108028,0.2622
108029,0.5737
108030,0.2911
108031,0.1135
108032,0.0079
108033,0.0258
108034,0.1479
108035,0.0225
108036,0.0612
108037,0.0484
108038,0.0423
108039,0.0001
108040,0.2401
108041,0.0745
108042,0.0663
108043,0.0079
108044,0.0532
108045,0.0043
108046,0.0206
108047,0.5461
108048,0.0402
108049,0.1156
108050,0.123
108051,0.5694
108052,0.0477
108053,0.0346
108054,0.0859
108055,0.1783
108056,0.153
108057,0.3109
108058,0.7177
108059,0.2921
108060,0.4293
108061,0.5203
108062,0.0206
108063,0.9439
108064,0.1082
108065,0.0023
108066,0.2463
108067,0.2154
108068,0.0114
108069,0.2116
108070,0.0516
108071,0.9012
108072,0.0206
108073,0.0913
108074,0.0176
108075,0.0877
108076,0.9012
108077,0.0206
108078,0.2634
108079,0.0225
108080,0.0164
108081,0.0134
108082,0.5203
108083,0.2615
108084,0.1446
108085,0.0708
108086,0.3912
108087,0.4493
108088,0.0177
108089,0.5199
108090,0.6918
108091,0.1668
108092,0.337
108093,0.2924
108094,0.4769
108095,0.0532
108096,0.0824
108097,0.2802
108098,0.0134
108099,0.0033
108100,0.2769
108101,0.1493
108102,0.0219
108103,0.483
108104,0.0769
108105,0.0382
108106,0.6554
108107,0.0199
108108,0.5824
108109,0.0324
108110,0.2252
108111,0.0057
108112,0.204
108113,0.0352
108114,0.1139
108115,0.4744
108116,0.0142
108117,0.0177
108118,0.0362
108119,0.051
108120,0.0745
108121,0.1594
108122,0.0547
108123,0.1327
108124,0.0424
108125,0.0861
108126,0.5375
108127,0.0001
108128,0.1036
108129,0.0504
108130,0.0973
108131,0.2314
108132,0.0364
108133,0.4578
108134,0.0089
108135,0.0477
108136,0.051
108137,0.1018
108138,0.0111
108139,0.032
108140,0.9032
108141,0.0561
108142,0.7768
108143,0.0477
108144,0.1544
108145,0.164
108146,0.144
108147,0.9405
108148,0.3358
108149,0.0453
108150,0.0225
108151,0.0877
108152,0.9116
108153,0.2138
108154,0.0023
108155,0.21
108156,0.0276
108157,0.0023
108158,0.4696
108159,0.0177
108160,0.0637
108161,0.1352
108162,0.403
108163,0.0102
108164,0.291
108165,0.2662
108166,0.0111
108167,0.3161
108168,0.0145
108169,0.06
108170,0.1946
108171,0.2848
108172,0.6935
108173,0.1641
108174,0.0961
108175,0.7633
108176,0.0304
108177,0.0805
108178,0.0132
108179,0.0372
108180,0.3275
108181,0.0206
108182,0.0152
108183,0.0877
108184,0.277
108185,0.092
108186,0.0637
108187,0.0023
108188,0.144
108189,0.0737
108190,0.095
108191,0.094
108192,0.1798
108193,0.4807
108194,0.4789
108195,0.1485
108196,0.0453
108197,0.2192
108198,0.0382
108199,0.1584
108200,0.0176
108201,0.0583
108202,0.0227
108203,0.0985
108204,0.9082
108205,0.0086
108206,0.3761
108207,0.9137
108208,0.011
108209,0.1902
108210,0.0268
108211,0.0598
108212,0.1861
108213,0.2302
108214,0.4924
108215,0.0206
108216,0.3805
108217,0.2301
108218,0.9513
108219,0.0278
108220,0.19
108221,0.0092
108222,0.051
108223,0.8941
108224,0.0683
108225,0.2999
108226,0.3536
108227,0.1352
108228,0.0598
108229,0.2216
108230,0.3514
108231,0.335
108232,0.0737
108233,0.0076
108234,0.1117
108235,0.0411
108236,0.0455
108237,0.3394
108238,0.7576
108239,0.0206
108240,0.3839
108241,0.1472
108242,0.2837
108243,0.1443
108244,0.1681
108245,0.032
108246,0.0283
108247,0.6036
108248,0.0145
108249,0.9279
108250,0.1485
108251,0.0287
108252,0.0023
108253,0.8851
108254,0.0193
108255,0.1671
108256,0.0292
108257,0.0821
108258,0.1139
108259,0.9105
108260,0.8861
108261,0.0023
108262,0.0102
108263,0.1162
108264,0.0108
108265,0.0225
108266,0.0068
108267,0.1957
108268,0.0666
108269,0.0484
108270,0.0193
108271,0.8316
108272,0.157
108273,0.5737
108274,0.0716
108275,0.0023
108276,0.4972
108277,0.0227
108278,0.1722
108279,0.0506
108280,0.0353
108281,0.0924
108282,0.0068
108283,0.0364
108284,0.0887
108285,0.0132
108286,0.0532
108287,0.0048
108288,0.6554
108289,0.2198
108290,0.4648
108291,0.0275
108292,0.1136
108293,0.0716
108294,0.0158
108295,0.0225
108296,0.1822
108297,0.0309
108298,0.0576
108299,0.0206
108300,0.0206
108301,0.8941
108302,0.0023
108303,0.1365
108304,0.184
108305,0.6424
108306,0.0787
108307,0.0816
108308,0.0652
108309,0.0457
108310,0.1671
108311,0.091
108312,0.1048
108313,0.0925
108314,0.081
108315,0.0842
108316,0.0001
108317,0.5203
108318,0.0177
108319,0.6673
108320,0.9439
108321,0.0877
108322,0.2184
108323,0.0482
108324,0.0561
108325,0.0206
108326,0.5375
108327,0.3748
108328,0.0086
108329,0.0877
108330,0.0903
108331,0.2745
108332,0.0877
108333,0.0048
108334,0.8941
108335,0.9279
108336,0.0079
108337,0.9382
108338,0.9024
108339,0.1029
108340,0.3396
108341,0.0358
108342,0.0694
108343,0.0257
108344,0.1395
108345,0.9416
108346,0.1731
108347,0.3681
108348,0.3955
108349,0.0206
108350,0.2163
108351,0.5119
108352,0.509
108353,0.1735
108354,0.277
108355,0.1557
108356,0.2117
108357,0.0816
108358,0.097
108359,0.876
108360,0.1284
108361,0.3675
108362,0.5608
108363,0.0176
108364,0.9547
108365,0.0566
108366,0.2997
108367,0.0666
108368,0.2511
108369,0.0177
108370,0.0258
108371,0.0302
108372,0.0868
108373,0.2199
108374,0.0176
108375,0.0909
108376,0.3069
108377,0.0033
108378,0.2995
108379,0.0177
108380,0.5694
108381,0.0629
108382,0.1131
108383,0.0805
108384,0.0023
108385,0.2569
108386,0.1221
108387,0.0948
108388,0.4315
108389,0.0145
108390,0.0406
108391,0.0433
108392,0.3153
108393,0.0547
108394,0.0477
108395,0.1211
108396,0.0177
108397,0.0637
108398,0.9941
108399,0.0256
108400,0.0092
108401,0.0048
108402,0.6577
108403,0.0322
108404,0.0532
108405,0.0033
108406,0.0637
108407,0.0145
108408,0.1671
108409,0.0023
108410,0.0978
108411,0.0152
108412,0.5375
108413,0.0996
108414,0.9999
108415,0.1382
108416,0.2475
108417,0.1637
108418,0.0373
108419,0.8521
108420,0.051
108421,0.0809
108422,0.5608
108423,0.0948
108424,0.0991
108425,0.1443
108426,0.0318
108427,0.3608
108428,0.0629
108429,0.0068
108430,0.7247
108431,0.011
108432,0.8951
108433,0.2781
108434,0.0816
108435,0.0023
108436,0.0679
108437,0.06
108438,0.8627
108439,0.2214
108440,0.0708
108441,0.0396
108442,0.0884
108443,0.1352
108444,0.0023
108445,0.0164
108446,0.0142
108447,0.026
108448,0.9093
108449,0.0343
108450,0.9148
108451,0.426
108452,0.026
108453,0.0947
108454,0.0206
108455,0.9547
108456,0.0779
108457,0.0219
108458,0.2803
108459,0.5375
108460,0.0102
108461,0.0357
108462,0.5828
108463,0.1504
108464,0.032
108465,0.509
108466,0.0373
108467,0.1299
108468,0.5056
108469,0.1915
108470,0.0384
108471,0.0206
108472,0.0145
108473,0.0477
108474,0.3314
108475,0.0177
108476,0.0809
108477,0.0452
108478,0.0989
108479,0.0089
108480,0.9755
108481,0.1308
108482,0.0329
108483,0.0881
108484,0.0023
108485,0.06
108486,0.6295
108487,0.4924
108488,0.9279
108489,0.0985
108490,0.0861
108491,0.1421
108492,0.5133
108493,0.337
108494,0.2073
108495,0.7461
108496,0.5824
108497,0.7858
108498,0.1335
108499,0.0948
108500,0.06
108501,0.0973
108502,0.1282
108503,0.0903
108504,0.0258
108505,0.0195
108506,0.0903
108507,0.3897
108508,0.0877
108509,0.9303
108510,0.2256
108511,0.0048
108512,0.0176
108513,0.0745
108514,0.0663
108515,0.9148
108516,0.0629
108517,0.0761
108518,0.0079
108519,0.0978
108520,0.0121
108521,0.0206
108522,0.0816
108523,0.1824
108524,0.0392
108525,0.0737
108526,0.6602
108527,0.4931
108528,0.1048
108529,0.1945
108530,0.1194
108531,0.0127
108532,0.0304
108533,0.0773
108534,0.171
108535,0.0225
108536,0.0152
108537,0.0152
108538,0.176
108539,0.1569
108540,0.1671
108541,0.0877
108542,0.5608
108543,0.1833
108544,0.0821
108545,0.8645
108546,0.1101
108547,0.0629
108548,0.1576
108549,0.0922
108550,0.0023
108551,0.1598
108552,0.1469
108553,0.1919
108554,0.2448
108555,0.0884
108556,0.2958
108557,0.0023
108558,0.5375
108559,0.0206
108560,0.0225
108561,0.7397
108562,0.0302
108563,0.0881
108564,0.0057
108565,0.0023
108566,0.1018
108567,0.0092
108568,0.1433
108569,0.8582
108570,0.1669
108571,0.1056
108572,0.9627
108573,0.0082
108574,0.2946
108575,0.0023
108576,0.0206
108577,0.9621
108578,0.0424
108579,0.7002
108580,0.0269
108581,0.0929
108582,0.0206
108583,0.1451
108584,0.9999
108585,0.23
108586,0.0256
108587,0.1798
108588,0.0532
108589,0.0592
108590,0.0598
108591,0.231
108592,0.0132
108593,0.0092
108594,0.094
108595,0.1637
108596,0.0779
108597,0.2032
108598,0.0176
108599,0.0911
108600,0.0023
108601,0.0629
108602,0.4385
108603,0.1671
108604,0.0454
108605,0.202
108606,0.3737
108607,0.0307
108608,0.1802
108609,0.0087
108610,0.0164
108611,0.1518
108612,0.2806
108613,0.0078
108614,0.3818
108615,0.0984
108616,0.101
108617,0.0832
108618,0.0547
108619,0.0532
108620,0.1896
108621,0.0092
108622,0.8941
108623,0.0532
108624,0.1651
108625,0.0377
108626,0.0033
108627,0.0023
108628,0.3708
108629,0.414
108630,0.0023
108631,0.0377
108632,0.0403
108633,0.011
108634,0.9999
108635,0.0424
108636,0.1227
108637,0.0386
108638,0.0177
108639,0.0152
108640,0.2948
108641,0.0108
108642,0.0584
108643,0.0166
108644,0.1413
108645,0.0389
108646,0.0023
108647,0.0384
108648,0.0376
108649,0.0769
108650,0.2335
108651,0.06
108652,0.0048
108653,0.3747
108654,0.0068
108655,0.4953
108656,0.1511
108657,0.3223
108658,0.1352
108659,0.084
108660,0.1701
108661,0.2157
108662,0.0956
108663,0.3035
108664,0.0023
108665,0.0225
108666,0.0787
108667,0.7783
108668,0.0177
108669,0.105
108670,0.0285
108671,0.1469
108672,0.0423
108673,0.1089
108674,0.0225
108675,0.1345
108676,0.1171
108677,0.4972
108678,0.0962
108679,0.2592
108680,0.3649
108681,0.1802
108682,0.0023
108683,0.1669
108684,0.4105
108685,0.3471
108686,0.0238
108687,0.0814
108688,0.6046
108689,0.5959
108690,0.0069
108691,0.0048
108692,0.1149
108693,0.7652
108694,0.5228
108695,0.0402
108696,0.3344
108697,0.0092
108698,0.0452
108699,0.0068
108700,0.0402
108701,0.8646
108702,0.1698
108703,0.0023
108704,0.0629
108705,0.1538
108706,0.0377
108707,0.164
108708,0.9197
108709,0.0227
108710,0.1153
108711,0.1382
108712,0.1162
108713,0.0023
108714,0.0879
108715,0.0457
108716,0.8683
108717,0.384
108718,0.0991
108719,0.0727
108720,0.0023
108721,0.0411
108722,0.1698
108723,0.2392
108724,0.1439
108725,0.4528
108726,0.0973
108727,0.9274
108728,0.8163
108729,0.1101
108730,0.9433
108731,0.1003
108732,0.0922
108733,0.048
108734,0.2338
108735,0.0069
108736,0.5026
108737,0.3811
108738,0.6467
108739,0.3229
108740,0.0402
108741,0.1905
108742,0.0454
108743,0.0666
108744,0.3138
108745,0.0399
108746,0.0727
108747,0.0832
108748,0.1661
108749,0.0683
108750,0.079
108751,0.0176
108752,0.0315
108753,0.2038
108754,0.0193
108755,0.1353
108756,0.0227
108757,0.1139
108758,0.138
108759,0.9621
108760,0.0108
108761,0.0177
108762,0.0457
108763,0.0532
108764,0.2066
108765,0.1504
108766,0.085
108767,0.0377
108768,0.1303
108769,0.0135
108770,0.1572
108771,0.0238
108772,0.203
108773,0.0241
108774,0.1156
108775,0.2321
108776,0.1864
108777,0.0139
108778,0.2385
108779,0.1465
108780,0.0411
108781,0.0629
108782,0.3324
108783,0.2604
108784,0.5375
108785,0.1194
108786,0.0477
108787,0.0517
108788,0.184
108789,0.0296
108790,0.176
108791,0.2392
108792,0.0952
108793,0.5461
108794,0.0176
108795,0.0907
108796,0.9999
108797,0.5288
108798,0.8481
108799,0.5959
108800,0.3841
108801,0.0079
108802,0.0048
108803,0.0048
108804,0.0292
108805,0.2443
108806,0.069
108807,0.176
108808,0.011
108809,0.2153
108810,0.1347
108811,0.1434
108812,0.0532
108813,0.1781
108814,0.9279
108815,0.2345
108816,0.012
108817,0.1625
108818,0.1005
108819,0.0079
108820,0.1308
108821,0.1598
108822,0.1247
108823,0.0457
108824,0.0177
108825,0.1426
108826,0.0068
108827,0.0176
108828,0.7373
108829,0.2209
108830,0.0663
108831,0.0086
108832,0.5289
108833,0.2745
108834,0.0903
108835,0.0023
108836,0.0506
108837,0.9999
108838,0.0023
108839,0.0177
108840,0.04
108841,0.3321
108842,0.0357
108843,0.0424
108844,0.0276
108845,0.1236
108846,0.0177
108847,0.0561
108848,0.9223
108849,0.263
108850,0.0787
108851,0.0132
108852,0.3291
108853,0.0409
108854,0.0111
108855,0.1786
108856,0.2246
108857,0.5608
108858,0.0315
108859,0.0358
108860,0.3153
108861,0.0677
108862,0.0206
108863,0.131
108864,0.5375
108865,0.1358
108866,0.0033
108867,0.1048
108868,0.0318
108869,0.0453
108870,0.266
108871,0.1207
108872,0.0991
108873,0.9178
108874,0.0115
108875,0.1004
108876,0.0981
108877,0.0177
108878,0.0495
108879,0.8438
108880,0.337
108881,0.1084
108882,0.0629
108883,0.0903
108884,0.0968
108885,0.1831
108886,0.0238
108887,0.11
108888,0.3823
108889,0.0263
108890,0.0455
108891,0.0357
108892,0.0336
108893,0.8036
108894,0.085
108895,0.048
108896,0.0484
108897,0.0907
108898,0.6554
108899,0.0133
108900,0.7002
108901,0.035
108902,0.2577
108903,0.032
108904,0.8851
108905,0.0164
108906,0.0424
108907,0.0477
108908,0.2516
108909,0.8981
108910,0.0092
108911,0.1396
108912,0.19
108913,0.0206
108914,0.1154
108915,0.2185
108916,0.0068
108917,0.0177
108918,0.0057
108919,0.103
108920,0.3082
108921,0.3069
108922,0.1146
108923,0.0666
108924,0.5346
108925,0.1447
108926,0.1802
108927,0.0517
108928,0.6046
108929,0.0666
108930,0.0973
108931,0.0903
108932,0.1923
108933,0.5375
108934,0.1885
108935,0.5694
108936,0.0079
108937,0.0904
108938,0.0206
108939,0.3688
108940,0.0532
108941,0.1576
108942,0.0166
108943,0.044
108944,0.0001
108945,0.0069
108946,0.0884
108947,0.4092
108948,0.0001
108949,0.0057
108950,0.0132
108951,0.0225
108952,0.5375
108953,0.9105
108954,0.0929
108955,0.0219
108956,0.0278
108957,0.3371
108958,0.5608
108959,0.0086
108960,0.0048
108961,0.0177
108962,0.0275
108963,0.0082
108964,0.2081
108965,0.4272
108966,0.103
108967,0.5608
108968,0.0779
108969,0.5608
108970,0.2281
108971,0.0881
108972,0.2789
108973,0.9566
108974,0.6176
108975,0.0177
108976,0.0903
108977,0.034
108978,0.0402
108979,0.1748
108980,0.012
108981,0.35
108982,0.8755
108983,0.0564
108984,0.0745
108985,0.0457
108986,0.012
108987,0.0547
108988,0.0177
108989,0.0319
108990,0.081
108991,0.5375
108992,0.0142
108993,0.7521
108994,0.5375
108995,0.179
108996,0.0275
108997,0.0043
108998,0.0479
108999,0.0065
109000,0.2979
109001,0.0193
109002,0.9875
109003,0.0069
109004,0.0176
109005,0.1669
109006,0.1637
109007,0.409
109008,0.8087
109009,0.1691
109010,0.1247
109011,0.0111
109012,0.1103
109013,0.1977
109014,0.7577
109015,0.4184
109016,0.012
109017,0.0078
109018,0.0048
109019,0.0763
109020,0.048
109021,0.0068
109022,0.0483
109023,0.1405
109024,0.021
109025,0.06
109026,0.4823
109027,0.2981
109028,0.042
109029,0.0298
109030,0.0679
109031,0.2881
109032,0.0023
109033,0.6424
109034,0.1572
109035,0.0745
109036,0.9999
109037,0.0907
109038,0.051
109039,0.7182
109040,0.2138
109041,0.1297
109042,0.4665
109043,0.0401
109044,0.0142
109045,0.0308
109046,0.174
109047,0.0276
109048,0.4572
109049,0.0727
109050,0.0475
109051,0.3076
109052,0.179
109053,0.0355
109054,0.4227
109055,0.9148
109056,0.8278
109057,0.0895
109058,0.1094
109059,0.9547
109060,0.6089
109061,0.0054
109062,0.1357
109063,0.0686
109064,0.9148
109065,0.0033
109066,0.1376
109067,0.3284
109068,0.2604
109069,0.0948
109070,0.0082
109071,0.0206
109072,0.0792
109073,0.1752
109074,0.2891
109075,0.0539
109076,0.0884
109077,0.6676
109078,0.0985
109079,0.4953
109080,0.414
109081,0.0948
109082,0.9009
109083,0.176
109084,0.0921
109085,0.0547
109086,0.9021
109087,0.0495
109088,0.0455
109089,0.0307
109090,0.0561
109091,0.1082
109092,0.1353
109093,0.5694
109094,0.284
109095,0.6046
109096,0.1637
109097,0.1247
109098,0.0825
109099,0.06
109100,0.0305
109101,0.0177
109102,0.0043
109103,0.1015
109104,0.0424
109105,0.1303
109106,0.1069
109107,0.0859
109108,0.425
109109,0.044
109110,0.3977
109111,0.7718
109112,0.0023
109113,0.4823
109114,0.0291
109115,0.5608
109116,0.8951
109117,0.0283
109118,0.0262
109119,0.0506
109120,0.1547
109121,0.1505
109122,0.1986
109123,0.06
109124,0.0947
109125,0.3841
109126,0.0629
109127,0.0045
109128,0.0206
109129,0.0086
109130,0.2323
109131,0.0455
109132,0.8911
109133,0.0245
109134,0.0225
109135,0.0177
109136,0.0227
109137,0.1567
109138,0.1065
109139,0.5026
109140,0.026
109141,0.9279
109142,0.1353
109143,0.4979
109144,0.0225
109145,0.9361
109146,0.3771
109147,0.0401
109148,0.069
109149,0.0206
109150,0.0206
109151,0.1752
109152,0.0401
109153,0.0569
109154,0.1284
109155,0.0816
109156,0.1511
109157,0.2117
109158,0.0877
109159,0.0089
109160,0.8662
109161,0.2281
109162,0.1056
109163,0.0023
109164,0.1424
109165,0.1167
109166,0.9999
109167,0.0023
109168,0.5737
109169,0.425
109170,0.0172
109171,0.0262
109172,0.0176
109173,0.3201
109174,0.0153
109175,0.2284
109176,0.0929
109177,0.3715
109178,0.0177
109179,0.0023
109180,0.0153
109181,0.2769
109182,0.0206
109183,0.3715
109184,0.0164
109185,0.0132
109186,0.4032
109187,0.7845
109188,0.23
109189,0.0281
109190,0.3972
109191,0.4697
109192,0.0946
109193,0.3873
109194,0.0455
109195,0.0148
109196,0.149
109197,0.1134
109198,0.1162
109199,0.0275
109200,0.8593
109201,0.7845
109202,0.072
109203,0.0177
109204,0.8654
109205,0.0836
109206,0.1678
109207,0.0092
109208,0.0709
109209,0.1087
109210,0.876
109211,0.0206
109212,0.0539
109213,0.094
109214,0.3487
109215,0.5375
109216,0.0206
109217,0.0241
109218,0.04
109219,0.9507
109220,0.2246
109221,0.2012
109222,0.0273
109223,0.0023
109224,0.3511
109225,0.0132
109226,0.1247
109227,0.9024
109228,0.1218
109229,0.7136
109230,0.9433
109231,0.0145
109232,0.4461
109233,0.1011
109234,0.0206
109235,0.0517
109236,0.0561
109237,0.1904
109238,0.0318
109239,0.0929
109240,0.1673
109241,0.1192
109242,0.044
109243,0.1718
109244,0.0281
109245,0.2697
109246,0.02
109247,0.0307
109248,0.0634
109249,0.0121
109250,0.1705
109251,0.3676
109252,0.7717
109253,0.4684
109254,0.4531
109255,0.0166
109256,0.0145
109257,0.0401
109258,0.2146
109259,0.2494
109260,0.1691
109261,0.1703
109262,0.0805
109263,0.0033
109264,0.159
109265,0.1669
109266,0.5435
109267,0.2028
109268,0.6089
109269,0.1188
109270,0.0626
109271,0.0092
109272,0.151
109273,0.081
109274,0.3318
109275,0.3292
109276,0.3608
109277,0.6046
109278,0.0628
109279,0.0176
109280,0.3841
109281,0.6554
109282,0.0057
109283,0.1352
109284,0.1949
109285,0.0357
109286,0.0206
109287,0.1089
109288,0.3586
109289,0.1467
109290,0.1247
109291,0.1247
109292,0.0193
109293,0.0492
109294,0.179
109295,0.0307
109296,0.135
109297,0.0023
109298,0.5178
109299,0.0227
109300,0.0532
109301,0.3625
109302,0.5694
109303,0.1683
109304,0.1359
109305,0.2037
109306,0.3739
109307,0.0745
109308,0.9279
109309,0.1702
109310,0.0477
109311,0.0219
109312,0.0455
109313,0.0985
109314,0.0089
109315,0.2201
109316,0.4194
109317,0.155
109318,0.0397
109319,0.2575
109320,0.175
109321,0.6554
109322,0.1691
109323,0.0861
109324,0.1218
109325,0.0023
109326,0.1018
109327,0.1561
109328,0.0334
109329,0.1452
109330,0.2184
109331,0.0025
109332,0.0206
109333,0.4807
109334,0.2738
109335,0.0271
109336,0.176
109337,0.2731
109338,0.0275
109339,0.0225
109340,0.257
109341,0.135
109342,0.0023
109343,0.1247
109344,0.0492
109345,0.0877
109346,0.0424
109347,0.0152
109348,0.0362
109349,0.0861
109350,0.0145
109351,0.0523
109352,0.2492
109353,0.903
109354,0.1099
109355,0.0176
109356,0.2736
109357,0.5375
109358,0.0164
109359,0.9001
109360,0.1467
109361,0.1864
109362,0.0023
109363,0.8951
109364,0.2295
109365,0.0227
109366,0.4018
109367,0.0177
109368,0.0177
109369,0.0861
109370,0.0023
109371,0.211
109372,0.7307
109373,0.1168
109374,0.0142
109375,0.0455
109376,0.0401
109377,0.2206
109378,0.0023
109379,0.6551
109380,0.7569
109381,0.0326
109382,0.0152
109383,0.9885
109384,0.091
109385,0.0248
109386,0.0545
109387,0.0193
109388,0.0176
109389,0.3138
109390,0.1006
109391,0.1224
109392,0.1687
109393,0.0057
109394,0.3142
109395,0.1029
109396,0.042
109397,0.1982
109398,0.091
109399,0.1439
109400,0.3488
109401,0.0861
109402,0.3181
109403,0.0745
109404,0.04
109405,0.0326
109406,0.1904
109407,0.1822
109408,0.5243
109409,0.1352
109410,0.0001
109411,0.0384
109412,0.06
109413,0.1506
109414,0.1623
109415,0.0877
109416,0.0428
109417,0.9247
109418,0.0816
109419,0.1447
109420,0.4304
109421,0.1011
109422,0.4983
109423,0.0023
109424,0.0225
109425,0.0023
109426,0.0816
109427,0.0225
109428,0.0727
109429,0.2868
109430,0.2948
109431,0.5375
109432,0.366
109433,0.0023
109434,0.06
109435,0.0402
109436,0.0832
109437,0.5608
109438,0.0842
109439,0.1297
109440,0.069
109441,0.0881
109442,0.0666
109443,0.0812
109444,0.4706
109445,0.042
109446,0.0023
109447,0.0193
109448,0.0177
109449,0.6046
109450,0.0206
109451,0.1101
109452,0.6554
109453,0.0877
109454,0.0235
109455,0.0247
109456,0.0111
109457,0.3008
109458,0.1504
109459,0.0225
109460,0.0145
109461,0.2113
109462,0.129
109463,0.2768
109464,0.3508
109465,0.0259
109466,0.184
109467,0.0802
109468,0.1103
109469,0.2082
109470,0.0023
109471,0.2746
109472,0.0193
109473,0.0234
109474,0.9148
109475,0.0805
109476,0.1629
109477,0.0082
109478,0.8359
109479,0.0547
109480,0.0645
109481,0.2032
109482,0.1943
109483,0.8855
109484,0.224
109485,0.0023
109486,0.0769
109487,0.0111
109488,0.2422
109489,0.9433
109490,0.0023
109491,0.3324
109492,0.1044
109493,0.5375
109494,0.0023
109495,0.3279
109496,0.1926
109497,0.3565
109498,0.0483
109499,0.0097
109500,0.6554
109501,0.144
109502,0.0177
109503,0.1698
109504,0.0176
109505,0.0787
109506,0.4684
109507,0.0225
109508,0.4972
109509,0.0363
109510,0.0302
109511,0.1382
109512,0.0177
109513,0.2028
109514,0.0048
109515,0.0376
109516,0.3585
109517,0.0023
109518,0.0056
109519,0.5375
109520,0.4858
109521,0.1469
109522,0.0779
109523,0.0338
109524,0.0206
109525,0.0023
109526,0.1295
109527,0.0345
109528,0.1966
109529,0.0206
109530,0.1154
109531,0.0745
109532,0.835
109533,0.0307
109534,0.0745
109535,0.3396
109536,0.048
109537,0.1101
109538,0.051
109539,0.0256
109540,0.0023
109541,0.0278
109542,0.1687
109543,0.2948
109544,0.5269
109545,0.0263
109546,0.6685
109547,0.1011
109548,0.0103
109549,0.0023
109550,0.2352
109551,0.0877
109552,0.0176
109553,0.1101
109554,0.4753
109555,0.4679
109556,0.1577
109557,0.0307
109558,0.1544
109559,0.2506
109560,0.0922
109561,0.0411
109562,0.0069
109563,0.0089
109564,0.1382
109565,0.0414
109566,0.9547
109567,0.0745
109568,0.0708
109569,0.5173
109570,0.3569
109571,0.1736
109572,0.4311
109573,0.2153
109574,0.0127
109575,0.1048
109576,0.0738
109577,0.0776
109578,0.1011
109579,0.3565
109580,0.0057
109581,0.026
109582,0.4157
109583,0.0152
109584,0.0225
109585,0.0145
109586,0.06
109587,0.0708
109588,0.3073
109589,0.1761
109590,0.0985
109591,0.9479
109592,0.176
109593,0.0832
109594,0.142
109595,0.1192
109596,0.4749
109597,0.0001
109598,0.0069
109599,0.1956
109600,0.393
109601,0.0206
109602,0.0283
109603,0.048
109604,0.8941
109605,0.2876
109606,0.0637
109607,0.0506
109608,0.6673
109609,0.0307
109610,0.0716
109611,0.0241
109612,0.166
109613,0.9492
109614,0.0225
109615,0.0225
109616,0.0816
109617,0.0373
109618,0.1406
109619,0.0176
109620,0.0111
109621,0.0364
109622,0.3878
109623,0.5375
109624,0.1273
109625,0.0921
109626,0.2786
109627,0.3488
109628,0.1532
109629,0.06
109630,0.6046
109631,0.4035
109632,0.012
109633,0.1443
109634,0.0947
109635,0.0225
109636,0.0677
109637,0.0177
109638,0.0663
109639,0.5608
109640,0.1571
109641,0.0142
109642,0.5959
109643,0.2161
109644,0.0424
109645,0.0079
109646,0.1285
109647,0.0751
109648,0.0238
109649,0.094
109650,0.0861
109651,0.0176
109652,0.1391
109653,0.2433
109654,0.1969
109655,0.0307
109656,0.2254
109657,0.0402
109658,0.0238
109659,0.0079
109660,0.0598
109661,0.9433
109662,0.0086
109663,0.3291
109664,0.5985
109665,0.0278
109666,0.0598
109667,0.4677
109668,0.0787
109669,0.0225
109670,0.236
109671,0.0256
109672,0.1024
109673,0.0176
109674,0.0424
109675,0.0978
109676,0.353
109677,0.0176
109678,0.5608
109679,0.5694
109680,0.0453
109681,0.0177
109682,0.0338
109683,0.1208
109684,0.2179
109685,0.0879
109686,0.0023
109687,0.3476
109688,0.0805
109689,0.0145
109690,0.1798
109691,0.0694
109692,0.5435
109693,0.2004
109694,0.9279
109695,0.0225
109696,0.0219
109697,0.0092
109698,0.1809
109699,0.1156
109700,0.2381
109701,0.7048
109702,0.1416
109703,0.0532
109704,0.9885
109705,0.0033
109706,0.0477
109707,0.1071
109708,0.2769
109709,0.7265
109710,0.2228
109711,0.1188
109712,0.2175
109713,0.0065
109714,0.0278
109715,0.7002
109716,0.0311
109717,0.0323
109718,0.2477
109719,0.976
109720,0.5694
109721,0.6089
109722,0.4807
109723,0.1323
109724,0.1105
109725,0.023
109726,0.1192
109727,0.6554
109728,0.0504
109729,0.9456
109730,0.7182
109731,0.031
109732,0.0086
109733,0.1451
109734,0.2213
109735,0.0152
109736,0.1538
109737,0.5078
109738,0.0614
109739,0.1859
109740,0.0225
109741,0.4929
109742,0.0132
109743,0.5694
109744,0.0955
109745,0.0477
109746,0.0023
109747,0.2472
109748,0.1591
109749,0.1101
109750,0.0164
109751,0.0401
109752,0.0357
109753,0.9504
109754,0.0132
109755,0.1904
109756,0.0023
109757,0.4972
109758,0.1011
109759,0.1087
109760,0.247
109761,0.5056
109762,0.1936
109763,0.0745
109764,0.0068
109765,0.4299
109766,0.0023
109767,0.0859
109768,0.0832
109769,0.0057
109770,0.0303
109771,0.0313
109772,0.0212
109773,0.1945
109774,0.176
109775,0.5737
109776,0.0429
109777,0.3347
109778,0.0057
109779,0.4158
109780,0.3341
109781,0.0023
109782,0.0356
109783,0.0227
109784,0.4655
109785,0.478
109786,0.0023
109787,0.9875
109788,0.0879
109789,0.0193
109790,0.1247
109791,0.0655
109792,0.035
109793,0.1214
109794,0.0273
109795,0.1084
109796,0.1789
109797,0.06
109798,0.0402
109799,0.0176
109800,0.5608
109801,0.1443
109802,0.1907
109803,0.1663
109804,0.2188
109805,0.9148
109806,0.0365
109807,0.9596
109808,0.0877
109809,0.0402
109810,0.1759
109811,0.0355
109812,0.0166
109813,0.0259
109814,0.9345
109815,0.0177
109816,0.0907
109817,0.5462
109818,0.155
109819,0.0745
109820,0.6295
109821,0.0598
109822,0.2577
109823,0.0033
109824,0.0205
109825,0.0177
109826,0.0142
109827,0.1291
109828,0.4807
109829,0.0057
109830,0.7377
109831,0.06
109832,0.3347
109833,0.1033
109834,0.153
109835,0.1719
109836,0.2637
109837,0.3883
109838,0.3977
109839,0.3
109840,0.9279
109841,0.0582
109842,0.3798
109843,0.1122
109844,0.7953
109845,0.0225
109846,0.0001
109847,0.5056
109848,0.6089
109849,0.0225
109850,0.4751
109851,0.8941
109852,0.1149
109853,0.1284
109854,0.1156
109855,0.103
109856,0.0532
109857,0.267
109858,0.7589
109859,0.115
109860,0.0166
109861,0.0713
109862,0.0452
109863,0.8047
109864,0.0973
109865,0.0861
109866,0.0979
109867,0.0023
109868,0.9279
109869,0.0666
109870,0.1289
109871,0.239
109872,0.7048
109873,0.0479
109874,0.7652
109875,0.2121
109876,0.0275
109877,0.9279
109878,0.3337
109879,0.7063
109880,0.0356
109881,0.0025
109882,0.0308
109883,0.051
109884,0.1247
109885,0.9999
109886,0.0708
109887,0.0177
109888,0.0001
109889,0.0225
109890,0.0666
109891,0.0561
109892,0.1011
109893,0.9999
109894,0.0092
109895,0.0877
109896,0.6176
109897,0.1011
109898,0.0629
109899,0.1434
109900,0.3986
109901,0.085
109902,0.6089
109903,0.6073
109904,0.085
109905,0.3533
109906,0.0903
109907,0.1247
109908,0.5375
109909,0.0206
109910,0.0256
109911,0.2593
109912,0.0832
109913,0.0276
109914,0.0985
109915,0.9999
109916,0.0152
109917,0.0176
109918,0.0936
109919,0.0666
109920,0.0629
109921,0.0849
109922,0.0225
109923,0.0824
109924,0.6673
109925,0.0023
109926,0.3739
109927,0.0193
109928,0.0152
109929,0.0629
109930,0.0092
109931,0.1413
109932,0.1861
109933,0.0506
109934,0.0737
109935,0.035
109936,0.3001
109937,0.0177
109938,0.051
109939,0.1069
109940,0.1557
109941,0.5107
109942,0.0637
109943,0.1328
109944,0.0068
109945,0.0304
109946,0.1614
109947,0.0479
109948,0.3177
109949,0.0475
109950,0.2138
109951,0.0276
109952,0.0637
109953,0.1702
109954,0.1192
109955,0.0307
109956,0.0023
109957,0.0023
109958,0.094
109959,0.0926
109960,0.6072
109961,0.9867
109962,0.0076
109963,0.0258
109964,0.06
109965,0.3201
109966,0.0935
109967,0.0225
109968,0.0629
109969,0.0569
109970,0.035
109971,0.0278
109972,0.8645
109973,0.3472
109974,0.1313
109975,0.3798
109976,0.1874
109977,0.0001
109978,0.1731
109979,0.0023
109980,0.1544
109981,0.1139
109982,0.2703
109983,0.922
109984,0.7633
109985,0.0145
109986,0.7377
109987,0.2518
109988,0.6806
109989,0.0944
109990,0.0629
109991,0.0177
109992,0.178
109993,0.012
109994,0.0176
109995,0.1953
109996,0.4668
109997,0.1192
109998,0.0023
109999,0.157
